{"val_balanced_acc":0.8408658768936585,"_wandb":{"runtime":6682},"train_loss":0.2583100518692883,"train_balanced_acc":0.9047406367704902,"_timestamp":1.73306959429944e+09,"_runtime":6063.2163928,"_step":131,"val_loss":0.4291941871245702}