{"_timestamp":1.732969027672513e+09,"test_balanced_acc":0.22137432035291987,"val_loss":1.5925267934799194,"val_balanced_acc":0.2103896103896104,"test_loss":1.6146020614183867,"train_balanced_acc":0.19166666666666665,"_runtime":8.8763077,"train_loss":1.6071735620498657,"_wandb":{"runtime":26},"_step":2}