{"_runtime":12357.3584985,"_step":251,"val_balanced_acc":0.9006360837601891,"val_loss":0.31790080895790684,"_wandb":{"runtime":12424},"train_loss":0.2070445120417418,"train_balanced_acc":0.9253319504894071,"_timestamp":1.7330826664958758e+09}