{"val_balanced_acc":0.8490619838653666,"_wandb":{"runtime":42937},"train_loss":0.18266646234295034,"train_balanced_acc":0.939118932207462,"_timestamp":1.7330231834978364e+09,"_runtime":3672.7239591,"_step":107,"val_loss":0.366353522837162}