{"val_loss":0.3231537542664088,"val_balanced_acc":0.9320998382020906,"_wandb":{"runtime":3908},"_step":95,"train_loss":0.04531416486924301,"train_balanced_acc":0.9879074503614157,"_timestamp":1.7329320725931876e+09,"_runtime":3908.8419345}